No Internet connection detected. An Internet connection must be established in order to access TheSimsStories.com.	Không phát hiện kết nối Internet. Bạn cần kết nối Internet để truy cập TheSimsStories.com.
Water Tool	Công cụ tạo nước
What Sim can resist the beauty of a natural pond made with this tool.	Sim nào mà cưỡng lại nổi vẻ đẹp của một hồ nước tự nhiên được tạo bằng công cụ này chứ.
Clear Water	Nước trong
Beautiful, harmless water. Move the arrow over an existing pond and click to fill it.	Nước trong veo, đẹp mắt và vô hại. Di chuyển con trỏ lên một hồ có sẵn rồi nhấp để đổ đầy.
Molten Lava	Dung nham nóng chảy
Yes, it's hot. Move the arrow over an existing pond and click to fill it.	Ừ, nóng thiệt đó. Di chuyển con trỏ lên một hồ có sẵn rồi nhấp để đổ đầy.
Pond Scum	Nước ao rêu
It's there for texture. Move the arrow over an existing pond and click to fill it.	Chủ yếu để thêm chút “chất” cho cái ao thôi. Di chuyển con trỏ lên một hồ có sẵn rồi nhấp để đổ đầy.
The same strong foundation with a slant. Create angles never before thought possible!	Vẫn là nền móng chắc chắn ấy, giờ thêm chút nghiêng nghiêng. Tha hồ tạo những góc trước giờ chưa ai nghĩ tới!
Found Stairs au Naturel	Cầu thang Gỗ Tự Nhiên
We found this tree lying across a footpath, and thought it would be fun to create a set of stairs using old-world artisan techniques.	Bọn tôi thấy thân cây này nằm ngang lối đi và nghĩ: sao không biến nó thành cầu thang bằng kỹ thuật thủ công kiểu xưa nhỉ? Thế là có ngay món này.
Energy Efficient Stairs	Cầu thang Tiết Kiệm Năng Lượng
In a survival situation, you have to be energy conscious. We've engineered our volcanic rock stairs to retain maximum solar energy.	Trong hoàn cảnh sinh tồn thì năng lượng quý lắm nha. Vì thế bọn tôi thiết kế cầu thang đá núi lửa này để hấp thụ tối đa năng lượng mặt trời.
Cleaned Lumber Stairs	Cầu thang Gỗ Đã Gia Công
More processed than our au naturel series, these stairs survived the lathe with most of their character and charm intact.	Được gia công kỹ hơn dòng gỗ tự nhiên, bộ cầu thang này đã sống sót qua máy tiện mà vẫn giữ gần nguyên nét duyên và cá tính vốn có.
Step Into A World Stairs	Cầu thang Bước Sang Thế Giới Khác
These stairs are rumored to have mystical powers. According to legend, they turn into a portal to another dimension every time a princess falls asleep on them. Unfortunately, no princess would ever sleep on stairs, so this rumor just can't be proven true.	Nghe đồn bộ cầu thang này có sức mạnh huyền bí. Truyền thuyết kể rằng mỗi khi một nàng công chúa ngủ quên trên đó, nó sẽ biến thành cổng sang chiều không gian khác. Tiếc là chẳng công chúa nào lại đi ngủ trên cầu thang, nên lời đồn này mãi chưa ai kiểm chứng được.
Water Tool: Click and drag to place a pond.\nUse the Flatten Lot tool to remove water.	Công cụ tạo nước: Nhấp và kéo để tạo hồ.\nDùng công cụ Làm phẳng khu đất để xóa nước.
Please create an Adult Sim.	Hãy tạo một Sim trưởng thành.
Please select your Sim's Turn-Ons and Turn-Off. Click on each of the boxes above and select a trait. \n\nYour Sim will be more romantically attracted to other Sims who have the traits that you've selected as Turn-Ons. Likewise, your Sim will be less attracted to Sims who have the trait you select as a Turn-Off.\n\nGet out there and get attracted!	Hãy chọn Điểm Thu Hút và Điểm Mất Hứng cho Sim của bạn. Nhấp vào từng ô phía trên rồi chọn một đặc điểm. \n\nSim của bạn sẽ dễ rung động hơn với những Sim có đặc điểm được chọn làm Điểm Thu Hút. Ngược lại, Sim sẽ ít bị hấp dẫn bởi người có đặc điểm được chọn làm Điểm Mất Hứng.\n\nRa ngoài kia và kiếm người làm tim rung rinh thôi!
Hygiene|Animals will become rather stinky over time, especially with a house full of things to play with. Jaguars will clean themselves and so will orangutans, though your Sims will need to bathe hyenas...which isn't always going to be easy. |0xFeed8c13|0|0xfeed2001	Vệ sinh|Thú nuôi sẽ bắt đầu “có mùi” theo thời gian, nhất là khi trong nhà có cả đống thứ để nghịch. Báo đốm và đười ươi biết tự làm sạch, còn linh cẩu thì Sim của bạn phải tự tắm cho chúng... mà chuyện đó không phải lúc nào cũng dễ đâu. |0xFeed8c13|0|0xfeed2001
Scratch|Jaguars love to stretch their muscles and sharpen their claws on defenseless trees. If this motive gets low enough, the jaguar will leave the lot and come back once it's satisfied. |0xFeed8c15|0xFeed8c16|0x4906500d	Cào móng|Báo đốm thích duỗi cơ và mài móng lên những cái cây vô tội. Nếu nhu cầu này tụt quá thấp, nó sẽ rời khu đất một lúc rồi quay lại sau khi đã cào cho đã. |0xFeed8c15|0xFeed8c16|0x4906500d
Puppy (Becomes an Adult in %d days)	Cún con (Trưởng thành sau %d ngày)
Kitten (Becomes an Adult in %d days)	Mèo con (Trưởng thành sau %d ngày)
Puppy (Becomes an Adult in 1 day)	Cún con (Trưởng thành sau 1 ngày)
Kitten (Becomes an Adult in 1 day)	Mèo con (Trưởng thành sau 1 ngày)
Toddler (Becomes an Adult in %d days)	Trẻ tập đi (Trưởng thành sau %d ngày)
Toddler (Becomes an Adult in 1 day)	Trẻ tập đi (Trưởng thành sau 1 ngày)
Gathered Resources|This is what your Sim brings home in a day. Food is for eating, and resources are quite handy for purchasing additional items for the home and hiring service people. Hard-working Sims will advance in their careers quickly, which means more available resources.|||0x4906501c	Tài nguyên thu thập|Đây là những gì Sim mang về sau một ngày. Thức ăn thì để ăn, còn tài nguyên rất hữu ích để mua thêm đồ cho nhà hoặc thuê dịch vụ. Sim chăm chỉ sẽ thăng tiến nhanh hơn, đồng nghĩa với việc kiếm được nhiều tài nguyên hơn.|||0x4906501c
Job Performance|It's hard to get up and go out to work day after day, but a light heart and a smile can make a big difference. Leaving your place in a good mood will have a positive effect on your Sims' performance as a whole and increase their chances of moving up. Bad performance may diminish your Sim's capacity to gather resources. \n|||0x4906501c	Hiệu suất công việc|Ngày nào cũng lết ra khỏi nhà đi làm đâu có dễ, nhưng tâm trạng tốt và một nụ cười có thể tạo khác biệt lớn. Rời nhà trong tâm trạng vui vẻ sẽ giúp Sim làm việc hiệu quả hơn và tăng cơ hội thăng tiến. Hiệu suất kém có thể làm giảm khả năng thu thập tài nguyên của Sim. \n|||0x4906501c
Body Skill|Orangutans can improve their strength, dexterity and speed by intimidating, chasing, or fighting with Sims. An Orangutan who keeps in shape by working on their Body skill will be especially successful in the Hunter career track.\n|0xbee00368|0xbee00367|0x4906501d	Kỹ năng Thể lực|Đười ươi có thể tăng sức mạnh, độ khéo léo và tốc độ bằng cách hù dọa, rượt đuổi hoặc đánh nhau với Sim. Một chú đười ươi chăm rèn Kỹ năng Thể lực sẽ đặc biệt phù hợp với nhánh nghề Thợ săn.\n|0xbee00368|0xbee00367|0x4906501d
Logic Skill|Logic for Orangutans represents sense perception and searching skills. Orangutans can improve their logic skill by gathering bananas, sniffing for scents in the air, and grooming their Sim masters. Logic is especially useful for Orangutans in the Crafter career track.\n|0xbee00366|0xbee00369|0x4906501d	Kỹ năng Logic|Với đười ươi, Logic thể hiện khả năng cảm nhận và tìm kiếm. Chúng có thể tăng kỹ năng này bằng cách hái chuối, đánh hơi trong không khí và chải chuốt cho Sim chủ. Logic đặc biệt hữu ích với đười ươi theo nhánh nghề Chế tác.\n|0xbee00366|0xbee00369|0x4906501d
Creativity Skill|Making funny faces is an excellent way for Orangutans to develop their creativity. Sims can help their Orangutan pets become more creative by playing the funny face game with them. Creativity skill also includes musical ability, and it plays a very important role in the Crafter career track.\n|0xbee00370|0xbee00371|0x4906501d	Kỹ năng Sáng tạo|Làm mặt xấu là một cách tuyệt vời để đười ươi phát triển óc sáng tạo. Sim có thể giúp thú cưng đười ươi sáng tạo hơn bằng cách chơi trò làm mặt hài với chúng. Kỹ năng Sáng tạo còn bao gồm khả năng âm nhạc và đóng vai trò rất quan trọng trong nhánh nghề Chế tác.\n|0xbee00370|0xbee00371|0x4906501d
Exiting to the neighborhood while in a community lot will cause you to lose any changes made there. Please save your game first if you would like to preserve your changes.\n\nAre you sure you want to exit to the neighborhood without saving your changes? 	Nếu rời khu cộng đồng để về khu phố lúc này, mọi thay đổi bạn vừa thực hiện tại đây sẽ bị mất. Hãy lưu game trước nếu muốn giữ lại chúng.\n\nBạn có chắc muốn về khu phố mà không lưu thay đổi không? 
