On	Bật
Off	Tắt
Low	Thấp
Medium	Vừa
High	Cao
Neighborhood	Khu dân cư
Quit	Thoát
Save	Lưu
Do you want to keep these settings?	Bạn muốn giữ các thiết lập này chứ?
Default Settings	Thiết lập mặc định
Enabled	Đã bật
Disabled	Đã tắt
Classic	Cổ điển
Automatic	Tự động
Do you want to keep these settings? Changes will revert at the end of the countdown.	Bạn muốn giữ các thiết lập này chứ? Khi hết thời gian đếm ngược, thiết lập cũ sẽ được khôi phục.
Credits	Đội ngũ thực hiện
More	Nhiều hơn
Less	Ít hơn
Apply Changes	Áp dụng
Back	Quay lại
Exit Tutorial	Thoát hướng dẫn
High, uncompressed	Cao, không nén
Click to center	Nhấp để căn giữa
Main Menu	Menu chính
Small	Nhỏ
Large	Lớn
Extra Large	Rất lớn
Graphics/Performance Options	Đồ họa / Hiệu năng
Rendering	Kết xuất
Hardware (Recommended)	Phần cứng (đề xuất)
Software	Phần mềm
Rendering Acceleration	Tăng tốc kết xuất
Color	Màu sắc
Sim Detail	Chi tiết Sim
Graphic Effects	Hiệu ứng đồ họa
Texture Detail	Chi tiết bề mặt
Sim/Object Detail	Chi tiết Sim / Vật thể
Picture in Picture	Hình trong hình
Reflections	Phản chiếu
Screen Size	Độ phân giải
Lighting	Ánh sáng
Shadows	Bóng đổ
Refresh Rate	Tần số quét
UI Transparency	Độ trong giao diện
Smooth Edges	Khử răng cưa
Use Square Pixels	Dùng điểm ảnh vuông
Object Hiding	Ẩn vật thể
Snow on Ground	Tuyết trên mặt đất
Snow X-Ray Cursor	Con trỏ nhìn xuyên tuyết
Audio Options	Âm thanh
Volume	Âm lượng
Sound Effects	Hiệu ứng âm thanh
Ambient	Âm thanh môi trường
Performance	Hiệu năng
Voices	Giọng nói
Music	Nhạc
Audio Quality	Chất lượng âm thanh
Barter Mode	Chế độ trao đổi
Build Mode	Chế độ xây dựng
Create A Family	Tạo gia đình
Mute	Tắt tiếng
Custom	Tùy chỉnh
Play	Phát
Stop	Dừng
Enable/Disable	Bật / Tắt
Classical	Nhạc cổ điển
Oldies	Nhạc xưa
DJ Booth	Bàn DJ
Speakers	Loa
Scroll Up	Cuộn lên
Scroll Down	Cuộn xuống
Game Options	Trò chơi
Auto Centering	Tự căn giữa
Quick Tips	Mẹo nhanh
Live Picture in Picture	Hình trong hình trực tiếp
Edge Scrolling	Cuộn ở mép màn hình
Simulate in Background	Chạy game ở nền
Parental Controls	Kiểm soát của phụ huynh
Catalogs Display Custom Content	Hiện nội dung tùy chỉnh trong danh mục
Do not connect to the Web	Không kết nối mạng
Auto Login	Tự đăng nhập
Sim While Minimized	Chạy khi thu nhỏ
Show Welcome Screen	Hiện màn hình chào
Camera Rotation	Xoay góc nhìn
Default	Mặc định
Sims 1 Style	Kiểu Sims 1
Check For Updates Automatically	Tự kiểm tra cập nhật
Display Custom Content Dialog at Startup	Hiện bảng nội dung tùy chỉnh khi khởi động
Display Custom Content Dialog	Hiện bảng nội dung tùy chỉnh
House Options	Hộ gia đình
Aging	Lão hóa
Free Will	Tự hành động
House-Specific Options	Thiết lập riêng cho hộ
Lot View Options	Hiển thị khu đất
View Distance	Tầm nhìn
Neighbors	Hàng xóm
Decorations	Trang trí
Fade Distance	Khoảng cách mờ dần
Clickable Neighbors	Cho phép chọn nhà bên cạnh
Camera Options	Máy quay
Picture In Picture Window	Cửa sổ hình trong hình
Special Event Camera	Máy quay sự kiện
Neighborhood Camera Drift	Di chuyển góc nhìn khu dân cư
Snapshot Picture Quality	Chất lượng ảnh chụp
Maximum Video Recording Time	Thời lượng quay tối đa
Seconds	Giây
Video Sound Capture	Thu âm khi quay
Video Capture Quality	Chất lượng video
Video Capture Size	Kích thước video
Snapshot Size	Kích thước ảnh
Game Tip Encyclopedia	Sổ tay mẹo chơi
Reset Game Tips	Đặt lại mẹo chơi
OK	Đồng ý
Cancel	Hủy
Yes	Có
No	Không
Retry	Thử lại
Previous	Trước
Next	Tiếp
Expand	Mở rộng
Collapse	Thu gọn
Abort	Hủy bỏ
Ignore	Bỏ qua
Close	Đóng
Exit	Thoát
Accept	Chấp nhận
Quit?	Thoát game?
Save?	Lưu game?
Are you sure you want to quit?	Bạn có chắc muốn thoát game?
Do you want to save your game before exiting to the Neighborhood? Any unsaved changes will be lost.	Bạn muốn lưu game trước khi về khu dân cư không? Mọi thay đổi chưa lưu sẽ mất.
Do you want to save before quitting? Any unsaved changes will be lost.	Bạn muốn lưu trước khi thoát không? Mọi thay đổi chưa lưu sẽ mất.
Save & Quit	Lưu và thoát
Quit without Saving	Thoát không lưu
Don't Quit	Chơi tiếp
Are you sure you want to leave this lot without saving your changes?	Bạn có chắc muốn rời khu đất này mà không lưu thay đổi?
Would you like to play a quick tutorial that teaches you movement and actions before starting the game?	Bạn muốn xem hướng dẫn nhanh về di chuyển và hành động trước khi bắt đầu chơi không?
Story Rewards	Phần thưởng cốt truyện
Goal	Mục tiêu
Return to Sim	Về với Sim
Zoom In	Phóng to
Zoom Out	Thu nhỏ
Needs	Nhu cầu
Game Speed	Tốc độ game
Shortcuts	Phím tắt
Keyboard Shortcut Help	Hướng dẫn phím tắt
Table of Contents	Mục lục
Next Entry	Mục tiếp
Previous Entry	Mục trước
Chapter	Chương
Player Profile	Hồ sơ người chơi
Add Player Profile	Thêm hồ sơ
Delete Player Profile	Xóa hồ sơ
Return to Sim - F2	Về với Sim - F2
Map	Bản đồ
Food	Thức ăn
Resources	Tài nguyên
Hints	Gợi ý
Fun	Giải trí
Storage	Lưu trữ
Survival	Sinh tồn
Nature	Thiên nhiên
Seating	Ghế ngồi
Surfaces	Bàn và kệ
Cooking	Nấu ăn
Tattoos	Hình xăm
Decorations - F3	Trang trí - F3
Return to Home	Về nhà
Options - ESC	Tùy chọn - ESC
Easy	Dễ
Hard	Khó
Difficulty Setting	Độ khó
Create A Sim	Tạo Sim
Options - F5	Tùy chọn - F5
Pause - P	Tạm dừng - P
Normal Speed - 1	Tốc độ thường - 1
High Speed - 2	Tốc độ nhanh - 2
Ultra Speed - 3	Tốc độ rất nhanh - 3
Story Mode - F4	Cốt truyện - F4
Help	Trợ giúp
Storybook	Sổ truyện
